K Kiosk;1
Fundservice;0
Western Union;0
Geldwechsel;0
Gepäck;0
Billette, Abonnemente, Freizeitangebote ;0
Press & Books ;0
Aufgabezeiten Fluggepäck nach Zürich Flughafen ;0
Beratungstermin ;0
Brezelkönig ;1
DHL / PickPost ;0
Velovermietung ;0
SBB Reisezentrum ;0
PostFinance Postomat ;0
Caffè Spettacolo ;1
Coop ;1
Starbucks Coffee ;1
Confiserie Sprüngli ;1
Gepäckaufbewahrung ;0
Burger King ;1
avec ;1
Blume ;0
Bahnhofhilfe ;0
Tourist Information Luzern ;0
Chicorée ;0
Swisscom ;0
Läderach Chocolatier Suisse ;0
Yooji's Sushi Deli ;1
Orell Füssli ;0
Lolipop - the Candy Shop ;0
 ... ;0
Green Mango ;0
Reiseservice RBS/ASM ;0
M Real Estate ;0
City Grill ;1
"Praxis ""Beziehungs-Weise"" ";0
Gepäckausgabe ;0
Poste de Police ;0
WC - Centre d'hygiène ;0
Le Snack ;1
Al Volo Pizzeria ;1
Da Capo Restaurant ;1
Tourist Information Jura ;0
SBQ Solutions GmbH ;0
Pizza ;1
Chocolat Canonica ;1
Self Solarium centre azur ;0
Stiftung Auffangeinrichtung BVG ;0
Police cantonale vaudoise ;0
Frescotto ;1
Cours de miracles ;0
Tres Amigos - Mexican Bar & Restaurant ;0
TUK - Thai Urban Kitchen ;0
WilMobil ;0
Credit Suisse Automatenbank ;0
Glob Restaurant Café ;1
Schindler Treuhand & Verwaltung GmbH ;0
Aare Language Center GmbH ;0
Badenmobil ;0
Bahnhof Apotheke Aarau ;0
Velostation Europaplatz ;0
